<?xml version="1.0" encoding="UTF-8"?>
<beans xmlns="http://www.springframework.org/schema/beans"
       xmlns:xsi="http://www.w3.org/2001/XMLSchema-instance"
       xmlns:context="http://www.springframework.org/schema/context"
       xsi:schemaLocation="http://www.springframework.org/schema/beans 
           http://www.springframework.org/schema/beans/spring-beans-3.0.xsd
           http://www.springframework.org/schema/context
           http://www.springframework.org/schema/context/spring-context-3.0.xsd">
           <bean id="ds" class=" org.springframework.jdbc.datasource.DriverManagerDataSource">
           <property name="driverClassName" value="oracle.jdbc.OracleDriver"></property>
            <property name="username" value="hr"></property>
            <property name="password" value="hr"></property>
            <property name="url" value="jdbc:oracle:thin:@localhost:1521:xe"></property>
           </bean>
           <bean class="org.springframework.jdbc.core.JdbcTemplate" name="jdbcTemplate">
           <property name="dataSource" ref="ds"></property>
           </bean>
            <bean id="e1" class="com.devlopment.dao.EmployeeDao">
           <property name="jd" ref="jdbcTemplate"></property>
           </bean>
           </beans>