<?xml version="1.0" encoding="UTF-8"?>
<beans xmlns="http://www.springframework.org/schema/beans"
       xmlns:xsi="http://www.w3.org/2001/XMLSchema-instance"
       xmlns:context="http://www.springframework.org/schema/context"
       xsi:schemaLocation="http://www.springframework.org/schema/beans 
           http://www.springframework.org/schema/beans/spring-beans-3.0.xsd
           http://www.springframework.org/schema/context
           http://www.springframework.org/schema/context/spring-context-3.0.xsd">
<bean id="sports1" class="com.spring.SportsPerson">
<property name="name" value="asdf"></property>
<property name="place" value="mam"></property>
<property name="sports" value="Cricket"></property>
</bean>
<bean id="sports2" class="com.spring.SportsPerson">
<property name="name" value="abcd"></property>
<property name="place" value="cha"></property>
<property name="sports" value="table tt"></property>
</bean>
<bean id="sports3" class="com.spring.SportsPerson">
<property name="name" value="kiran"></property>
<property name="place" value="hyd"></property>
<property name="sports" value="football"></property>
</bean>
<bean id="sports4" class="com.spring.SportsPerson">
<property name="name" value="pallavi"></property>
<property name="place" value="hyd"></property>
<property name="sports" value="coco"></property>
</bean>
<bean id="sports5" class="com.spring.SportsPerson">
<property name="name" value="krishna"></property>
<property name="place" value="asdf"></property>
<property name="sports" value="v ball"></property>
</bean>
<bean id="sports6" class="com.spring.SportsPerson">
<property name="name" value="kumar"></property>
<property name="place" value="hyd123"></property>
<property name="sports" value="football"></property>
</bean>
</beans>           