<?xml version="1.0" encoding="UTF-8"?>
<beans xmlns="http://www.springframework.org/schema/beans"
       xmlns:xsi="http://www.w3.org/2001/XMLSchema-instance"
       xmlns:context="http://www.springframework.org/schema/context"
       xsi:schemaLocation="http://www.springframework.org/schema/beans 
           http://www.springframework.org/schema/beans/spring-beans-3.0.xsd
           http://www.springframework.org/schema/context
           http://www.springframework.org/schema/context/spring-context-3.0.xsd">
<context:component-scan base-package="com.spring"/>
<bean id="Iteam" class="com.spring.Iteam">
<property name="id" value="1234"></property>
<property name="name" value="Laptop"></property>
<property name="qty" value="5"></property>
<property name="price" value="45000.00"></property>
</bean>
</beans>